1.62558E+12,1.591,7.508,4.195,0,,,,,,,,,,,,,,,
1.62558E+12,1.354,6.984,6.443,0,,,,,,,,,,,,,,,
1.62558E+12,0.765,7.092,6.895,0,,,,,,,,,,,,,,,
1.62558E+12,0.815,6.74,6.953,0,,,,,,,,,,,,,,,
1.62558E+12,0.916,6.984,6.615,0,,,,,,,,,,,,,,,
1.62558E+12,0.93,7.02,6.931,0,,,,,,,,,,,,,,,
1.62558E+12,1.347,6.826,6.823,0,,,,,,,,,,,,,,,
1.62558E+12,1.361,6.862,6.78,0,,,,,,,,,,,,,,,
1.62558E+12,1.304,6.898,6.96,0,,,,,,,,,,,,,,,
1.62558E+12,1.455,6.718,6.852,0,,,,,,,,,,,,,,,
1.62558E+12,1.483,6.855,7.082,0,,,,,,,,,,,,,,,
1.62558E+12,1.397,6.998,6.91,0,,,,,,,,,,,,,,,
1.62558E+12,1.462,6.84,6.737,0,,,,,,,,,,,,,,,
1.62558E+12,1.031,6.926,7.075,0,,,,,,,,,,,,,,,
1.62558E+12,1.289,6.984,6.845,0,,,,,,,,,,,,,,,
1.62558E+12,1.519,6.697,6.68,0,,,,,,,,,,,,,,,
1.62558E+12,1.404,6.898,6.852,0,,,,,,,,,,,,,,,
1.62558E+12,1.031,6.905,7.104,0,,,,,,,,,,,,,,,
1.62558E+12,0.557,6.74,7.061,0,,,,,,,,,,,,,,,
1.62558E+12,0.176,6.84,6.809,0,,,,,,,,,,,,,,,
1.62558E+12,-0.218,4.276,7.585,0,,,,,,,,,,,,,,,
1.62558E+12,-0.613,2.703,9.323,0,,,,,,,,,,,,,,,
1.62558E+12,-1.748,2.552,9.323,0,,,,,,,,,,,,,,,
1.62558E+12,-2.265,2.66,8.605,0,,,,,,,,,,,,,,,
1.62558E+12,-2.624,3.098,8.899,0,,,,,,,,,,,,,,,
1.62558E+12,-2.071,3.73,8.325,0,,,,,,,,,,,,,,,
1.62558E+12,-2.121,4.535,9.991,0,,,,,,,,,,,,,,,
1.62558E+12,-1.03,6.064,6.486,0,,,,,,,,,,,,,,,
1.62558E+12,-0.311,6.704,7.19,0,,,,,,,,,,,,,,,
1.62558E+12,0.887,6.991,7.298,0,,,,,,,,,,,,,,,
1.62558E+12,0.88,6.991,6.364,0,,,,,,,,,,,,,,,
1.62558E+12,0.499,6.646,6.831,0,,,,,,,,,,,,,,,
1.62558E+12,0.657,6.998,6.867,0,,,,,,,,,,,,,,,
1.62558E+12,0.665,6.804,6.823,0,,,,,,,,,,,,,,,
1.62558E+12,0.858,6.869,6.809,0,,,,,,,,,,,,,,,
1.62558E+12,0.765,6.783,7.147,0,,,,,,,,,,,,,,,
1.62558E+12,0.672,6.811,7.061,0,,,,,,,,,,,,,,,
1.62558E+12,0.521,6.704,7.908,0,,,,,,,,,,,,,,,
1.62558E+12,0.93,8.076,7.477,0,,,,,,,,,,,,,,,
1.62558E+12,0.506,7.372,6.974,0,,,,,,,,,,,,,,,
1.62558E+12,1.261,6.452,5.516,0,,,,,,,,,,,,,,,
1.62558E+12,0.506,6.086,7.815,0,,,,,,,,,,,,,,,
1.62558E+12,-0.304,5.906,8.224,0,,,,,,,,,,,,,,,
1.62558E+12,-1.418,6.438,5.193,0,,,,,,,,,,,,,,,
1.62558E+12,1.656,5.389,6.342,0,,,,,,,,,,,,,,,
1.62558E+12,-1.798,8.212,4.985,0,,,,,,,,,,,,,,,
1.62558E+12,-0.929,7.702,5.854,0,,,,,,,,,,,,,,,
1.62558E+12,-0.161,7.58,5.667,0,,,,,,,,,,,,,,,
1.62558E+12,-0.218,8.09,4.381,0,,,,,,,,,,,,,,,
1.62558E+12,-0.161,8.492,4.381,0,,,,,,,,,,,,,,,
1.62558E+12,-1.504,9.311,3.534,0,,,,,,,,,,,,,,,
1.62558E+12,-0.577,9.261,3.11,0,,,,,,,,,,,,,,,
1.62558E+12,1.376,8.909,5.351,0,,,,,,,,,,,,,,,
1.62558E+12,-0.627,8.794,4.927,0,,,,,,,,,,,,,,,
1.62558E+12,-0.29,8.607,5.164,0,,,,,,,,,,,,,,,
1.62558E+12,-0.699,8.413,5.092,0,,,,,,,,,,,,,,,
1.62558E+12,0.542,6.833,6.895,0,,,,,,,,,,,,,,,
1.62558E+12,0.234,7.422,8.174,0,,,,,,,,,,,,,,,
1.62558E+12,0.427,7.573,6.852,0,,,,,,,,,,,,,,,
1.62558E+12,-1.884,6.732,10.63,0,,,,,,,,,,,,,,,
1.62558E+12,-1.611,7.278,10.875,0,,,,,,,,,,,,,,,
1.62558E+12,-0.893,6.876,6.931,0,,,,,,,,,,,,,,,
1.62558E+12,-0.965,6.603,7.204,0,,,,,,,,,,,,,,,
1.62558E+12,-1.044,6.675,7.147,0,,,,,,,,,,,,,,,
1.62558E+12,-1.109,6.718,7.017,0,,,,,,,,,,,,,,,
1.62558E+12,-1.08,6.833,7.032,0,,,,,,,,,,,,,,,
1.62558E+12,-1.418,6.926,6.637,0,,,,,,,,,,,,,,,
1.62558E+12,-1.856,7.867,7.161,0,,,,,,,,,,,,,,,
1.62558E+12,-1.64,6.697,6.378,0,,,,,,,,,,,,,,,
1.62558E+12,-1.425,6.761,6.809,0,,,,,,,,,,,,,,,
1.62558E+12,-1.511,6.898,7.061,0,,,,,,,,,,,,,,,
1.62558E+12,-1.827,6.941,6.78,0,,,,,,,,,,,,,,,
1.62558E+12,-1.597,5.382,7.477,0,,,,,,,,,,,,,,,
1.62558E+12,-1.942,4.649,7.19,0,,,,,,,,,,,,,,,
1.62558E+12,0.413,4.728,8.195,0,,,,,,,,,,,,,,,
1.62558E+12,-0.398,4.937,8.375,0,,,,,,,,,,,,,,,
1.62558E+12,-0.505,5.016,8.389,0,,,,,,,,,,,,,,,
1.62558E+12,-0.477,5.037,8.375,0,,,,,,,,,,,,,,,
1.62558E+12,-0.462,5.016,8.267,0,,,,,,,,,,,,,,,
1.62558E+12,-0.426,5.001,8.476,0,,,,,,,,,,,,,,,
1.62558E+12,-0.441,5.037,8.375,0,,,,,,,,,,,,,,,
1.62558E+12,-0.419,4.987,8.397,0,,,,,,,,,,,,,,,
1.62558E+12,-0.52,5.109,8.303,0,,,,,,,,,,,,,,,
1.62558E+12,-0.462,4.965,8.303,0,,,,,,,,,,,,,,,
1.62558E+12,-0.383,5.037,8.418,0,,,,,,,,,,,,,,,
1.62558E+12,-0.39,5.102,8.282,0,,,,,,,,,,,,,,,
1.62558E+12,-0.369,5.095,8.267,0,,,,,,,,,,,,,,,
1.62558E+12,-0.433,5.131,8.303,0,,,,,,,,,,,,,,,
1.62558E+12,-0.39,5.116,8.31,0,,,,,,,,,,,,,,,
1.62558E+12,-0.347,5.037,8.332,0,,,,,,,,,,,,,,,
1.62558E+12,-0.376,5.037,8.411,0,,,,,,,,,,,,,,,
1.62558E+12,-0.62,4.657,8.404,0,,,,,,,,,,,,,,,
1.62558E+12,-0.635,4.807,8.727,0,,,,,,,,,,,,,,,
1.62558E+12,-0.419,4.721,8.583,0,,,,,,,,,,,,,,,
1.62558E+12,-0.433,4.714,8.555,0,,,,,,,,,,,,,,,
1.62558E+12,-0.433,4.728,8.562,0,,,,,,,,,,,,,,,
1.62558E+12,-0.448,4.7,8.555,0,,,,,,,,,,,,,,,
1.62558E+12,-0.433,4.7,8.555,0,,,,,,,,,,,,,,,
1.62558E+12,-0.419,4.693,8.598,0,,,,,,,,,,,,,,,
1.62558E+12,-0.426,4.714,8.576,0,,,,,,,,,,,,,,,
1.62558E+12,-0.383,4.628,8.389,0,,,,,,,,,,,,,,,
1.62558E+12,-0.405,4.779,8.562,0,,,,,,,,,,,,,,,
1.62558E+12,-0.376,4.714,8.598,0,,,,,,,,,,,,,,,
1.62558E+12,-0.398,4.7,8.598,0,,,,,,,,,,,,,,,
1.62558E+12,-0.383,4.685,8.598,0,,,,,,,,,,,,,,,
1.62558E+12,-0.405,4.721,8.576,0,,,,,,,,,,,,,,,
1.62558E+12,-0.419,4.743,8.576,0,,,,,,,,,,,,,,,
1.62558E+12,-0.405,4.721,8.511,0,,,,,,,,,,,,,,,
1.62558E+12,-0.398,4.678,8.555,0,,,,,,,,,,,,,,,
1.62558E+12,-0.376,4.657,8.562,0,,,,,,,,,,,,,,,
1.62558E+12,-0.383,4.678,8.648,0,,,,,,,,,,,,,,,
1.62558E+12,-0.398,4.693,8.605,0,,,,,,,,,,,,,,,
1.62558E+12,-0.347,4.678,8.54,0,,,,,,,,,,,,,,,
1.62558E+12,-0.39,4.721,8.555,0,,,,,,,,,,,,,,,
1.62558E+12,-0.383,4.728,8.555,0,,,,,,,,,,,,,,,
1.62558E+12,-0.39,4.7,8.533,0,,,,,,,,,,,,,,,
1.62558E+12,-0.433,4.714,8.648,0,,,,,,,,,,,,,,,
1.62558E+12,-0.383,4.693,8.626,0,,,,,,,,,,,,,,,
1.62558E+12,-0.369,4.657,8.54,0,,,,,,,,,,,,,,,
1.62558E+12,-0.39,4.721,8.562,0,,,,,,,,,,,,,,,
1.62558E+12,-0.426,4.714,8.77,0,,,,,,,,,,,,,,,
1.62558E+12,-0.369,4.7,8.511,0,,,,,,,,,,,,,,,
1.62558E+12,-0.405,4.693,8.54,0,,,,,,,,,,,,,,,
1.62558E+12,-0.39,4.757,8.619,0,,,,,,,,,,,,,,,
1.62558E+12,-0.39,4.728,8.519,0,,,,,,,,,,,,,,,
1.62558E+12,-0.398,4.728,8.54,0,,,,,,,,,,,,,,,
1.62558E+12,-0.383,4.678,8.662,0,,,,,,,,,,,,,,,
1.62558E+12,-0.462,4.879,8.662,0,,,,,,,,,,,,,,,
1.62558E+12,-0.39,4.714,8.576,0,,,,,,,,,,,,,,,
1.62558E+12,-0.419,4.721,8.619,0,,,,,,,,,,,,,,,
1.62558E+12,-0.39,4.7,8.54,0,,,,,,,,,,,,,,,
1.62558E+12,-0.398,4.75,8.555,0,,,,,,,,,,,,,,,
1.62558E+12,-0.383,4.685,8.598,0,,,,,,,,,,,,,,,
1.62558E+12,-0.369,4.757,8.497,0,,,,,,,,,,,,,,,
1.62558E+12,-0.283,4.527,8.519,0,,,,,,,,,,,,,,,
1.62558E+12,-0.398,4.721,8.519,0,,,,,,,,,,,,,,,
1.62558E+12,-0.369,4.721,8.576,0,,,,,,,,,,,,,,,
1.62558E+12,-0.39,4.685,8.641,0,,,,,,,,,,,,,,,
1.62558E+12,-0.426,4.685,8.511,0,,,,,,,,,,,,,,,
1.62558E+12,-0.455,4.75,8.497,0,,,,,,,,,,,,,,,
1.62558E+12,-0.39,4.743,8.555,0,,,,,,,,,,,,,,,
1.62558E+12,-0.383,4.7,8.598,0,,,,,,,,,,,,,,,
1.62558E+12,-0.376,4.693,8.619,0,,,,,,,,,,,,,,,
1.62558E+12,-0.376,4.7,8.626,0,,,,,,,,,,,,,,,
1.62558E+12,-0.383,4.721,8.533,0,,,,,,,,,,,,,,,
1.62558E+12,-0.405,4.714,8.705,0,,,,,,,,,,,,,,,
1.62558E+12,-0.419,4.764,8.468,0,,,,,,,,,,,,,,,
1.62558E+12,-0.333,4.678,8.598,0,,,,,,,,,,,,,,,
1.62558E+12,-0.376,4.693,8.605,0,,,,,,,,,,,,,,,
1.62558E+12,-0.405,4.728,8.511,0,,,,,,,,,,,,,,,
1.62558E+12,-0.39,4.714,8.605,0,,,,,,,,,,,,,,,
1.62558E+12,-0.398,4.728,8.511,0,,,,,,,,,,,,,,,
1.62558E+12,-0.419,4.764,8.669,0,,,,,,,,,,,,,,,
1.62558E+12,-0.426,4.815,8.468,0,,,,,,,,,,,,,,,
1.62558E+12,-0.383,4.757,8.49,0,,,,,,,,,,,,,,,
1.62558E+12,-0.34,4.635,8.792,0,,,,,,,,,,,,,,,
1.62558E+12,-0.319,4.657,8.662,0,,,,,,,,,,,,,,,
1.62558E+12,-0.448,4.872,8.641,0,,,,,,,,,,,,,,,
1.62558E+12,-0.326,4.585,8.648,0,,,,,,,,,,,,,,,
1.62558E+12,-0.362,4.635,8.576,0,,,,,,,,,,,,,,,
1.62558E+12,-0.376,4.685,8.669,0,,,,,,,,,,,,,,,
1.62558E+12,-0.319,4.628,8.54,0,,,,,,,,,,,,,,,
1.62558E+12,-0.319,4.614,8.648,0,,,,,,,,,,,,,,,
1.62558E+12,-0.369,4.721,8.583,0,,,,,,,,,,,,,,,
1.62558E+12,-0.347,4.693,8.626,0,,,,,,,,,,,,,,,
1.62558E+12,-0.362,4.693,8.648,0,,,,,,,,,,,,,,,
1.62558E+12,-0.376,4.728,8.49,0,,,,,,,,,,,,,,,
1.62558E+12,-0.362,4.714,8.713,0,,,,,,,,,,,,,,,
1.62558E+12,-0.326,4.685,8.662,0,,,,,,,,,,,,,,,
1.62558E+12,-0.34,4.649,8.576,0,,,,,,,,,,,,,,,
1.62558E+12,-0.261,4.635,8.397,0,,,,,,,,,,,,,,,
1.62558E+12,-0.319,4.693,8.562,0,,,,,,,,,,,,,,,
1.62558E+12,-0.362,4.7,8.626,0,,,,,,,,,,,,,,,
1.62558E+12,-0.362,4.714,8.576,0,,,,,,,,,,,,,,,
1.62558E+12,-0.362,4.7,8.598,0,,,,,,,,,,,,,,,
1.62558E+12,-0.383,4.851,8.375,0,,,,,,,,,,,,,,,
1.62558E+12,-0.548,4.908,8.454,0,,,,,,,,,,,,,,,
1.62558E+12,-0.491,4.786,8.54,0,,,,,,,,,,,,,,,
1.62558E+12,-0.433,4.628,8.583,0,,,,,,,,,,,,,,,
1.62558E+12,-0.433,4.693,8.626,0,,,,,,,,,,,,,,,
1.62558E+12,-0.448,4.728,8.54,0,,,,,,,,,,,,,,,
1.62558E+12,-0.398,4.664,8.583,0,,,,,,,,,,,,,,,
1.62558E+12,-0.419,4.693,8.555,0,,,,,,,,,,,,,,,
1.62558E+12,-0.426,4.678,8.598,0,,,,,,,,,,,,,,,
1.62558E+12,-0.441,4.75,8.619,0,,,,,,,,,,,,,,,
1.62558E+12,-0.304,4.822,8.346,0,,,,,,,,,,,,,,,
button,,,,,,,,,,,,,at:,Tue,Jul,6,9:55:16,CDT,2021
1.62558E+12,0.442,2.954,11.772,0,,,,,,,,,,,,,,,
1.62558E+12,0.305,3.558,9.086,0,,,,,,,,,,,,,,,
1.62558E+12,0.262,3.687,9.144,0,,,,,,,,,,,,,,,
1.62558E+12,0.262,3.723,9.072,0,,,,,,,,,,,,,,,
1.62558E+12,0.241,3.752,9.093,0,,,,,,,,,,,,,,,
1.62558E+12,0.205,3.651,9.172,0,,,,,,,,,,,,,,,
1.62558E+12,0.234,3.651,8.935,0,,,,,,,,,,,,,,,
1.62558E+12,0.147,3.658,9.151,0,,,,,,,,,,,,,,,
1.62558E+12,0.183,3.637,9.108,0,,,,,,,,,,,,,,,
1.62558E+12,0.162,3.658,9.172,0,,,,,,,,,,,,,,,
1.62558E+12,0.176,3.673,9.086,0,,,,,,,,,,,,,,,
1.62558E+12,0.248,3.694,8.641,0,,,,,,,,,,,,,,,
1.62558E+12,0.291,3.601,9.144,0,,,,,,,,,,,,,,,
1.62558E+12,-0.139,3.823,9.302,0,,,,,,,,,,,,,,,
1.62558E+12,-0.261,4.204,9.452,0,,,,,,,,,,,,,,,
1.62558E+12,0.183,3.845,9.589,0,,,,,,,,,,,,,,,
1.62558E+12,0.736,3.981,9.524,0,,,,,,,,,,,,,,,
1.62558E+12,1.074,3.163,8.389,0,,,,,,,,,,,,,,,
1.62558E+12,0.313,3.428,9.546,0,,,,,,,,,,,,,,,
1.62558E+12,0.55,3.471,9.208,0,,,,,,,,,,,,,,,
1.62558E+12,0.499,3.694,9.05,0,,,,,,,,,,,,,,,
1.62558E+12,0.449,3.694,9.108,0,,,,,,,,,,,,,,,
1.62558E+12,0.463,3.665,9.093,0,,,,,,,,,,,,,,,
button,,,,,,,,,,,,,at:,Fri,Jul,16,13:26:43,CDT,2021
,0.255,3.479,9.431,,,,,,,0,,,,,,,,,
,0.363,3.694,8.942,,,,,,,0,,,,,,,,,
,0.427,3.953,8.583,,,,,,,0,,,,,,,,,
,0.42,3.953,8.454,,,,,,,0,,,,,,,,,
,0.55,4.197,8.54,,,,,,,0,,,,,,,,,
,0.7,3.629,9.129,,,,,,,0,,,,,,,,,
,0.377,3.608,9.065,,,,,,,0,,,,,,,,,
,0.42,3.342,9.575,,,,,,,0,,,,,,,,,
,0.427,3.242,9.23,,,,,,,0,,,,,,,,,
,0.442,3.098,9.208,,,,,,,0,,,,,,,,,
,0.442,2.71,10.12,,,,,,,0,,,,,,,,,
,0.471,2.775,9.337,,,,,,,0,,,,,,,,,
,0.449,2.595,9.632,,,,,,,0,,,,,,,,,
,0.327,2.128,9.847,,,,,,,0,,,,,,,,,
,0.09,2.114,9.704,,,,,,,0,,,,,,,,,
,0.334,2.021,9.589,,,,,,,0,,,,,,,,,
,0.32,1.992,9.596,,,,,,,0,,,,,,,,,
,0.305,1.963,9.553,,,,,,,0,,,,,,,,,
,0.313,1.956,9.618,,,,,,,0,,,,,,,,,
,0.313,1.941,9.61,,,,,,,0,,,,,,,,,
,0.313,1.956,9.618,,,,,,,0,,,,,,,,,
,0.269,1.963,9.452,,,,,,,0,,,,,,,,,
,0.32,1.927,9.654,,,,,,,0,,,,,,,,,
,0.305,1.941,9.618,,,,,,,0,,,,,,,,,
,0.305,1.956,9.589,,,,,,,0,,,,,,,,,
,0.334,1.934,9.639,,,,,,,0,,,,,,,,,
,0.305,1.956,9.618,,,,,,,0,,,,,,,,,
,0.32,1.941,9.596,,,,,,,0,,,,,,,,,
,0.305,1.956,9.61,,,,,,,0,,,,,,,,,
,0.298,1.927,9.632,,,,,,,0,,,,,,,,,
,0.305,1.934,9.639,,,,,,,0,,,,,,,,,
,0.298,1.934,9.596,,,,,,,0,,,,,,,,,
,0.298,1.934,9.618,,,,,,,0,,,,,,,,,
,0.305,1.963,9.654,,,,,,,0,,,,,,,,,
,0.327,1.956,9.639,,,,,,,0,,,,,,,,,
,0.327,1.941,9.639,,,,,,,0,,,,,,,,,
,0.32,1.927,9.481,,,,,,,0,,,,,,,,,
,0.262,1.898,9.553,,,,,,,0,,,,,,,,,
,0.305,1.927,9.596,,,,,,,0,,,,,,,,,
,0.305,1.934,9.618,,,,,,,0,,,,,,,,,
,0.305,1.941,9.632,,,,,,,0,,,,,,,,,
,0.32,1.97,9.654,,,,,,,0,,,,,,,,,
,0.298,1.934,9.575,,,,,,,0,,,,,,,,,
,0.32,1.97,9.654,,,,,,,0,,,,,,,,,
,0.313,1.963,9.596,,,,,,,0,,,,,,,,,
,0.298,1.898,9.632,,,,,,,0,,,,,,,,,
,0.291,1.956,9.596,,,,,,,0,,,,,,,,,
,0.305,1.913,9.618,,,,,,,0,,,,,,,,,
,0.298,1.927,9.682,,,,,,,0,,,,,,,,,
,0.327,1.963,9.589,,,,,,,0,,,,,,,,,
,0.298,1.934,9.654,,,,,,,0,,,,,,,,,
,0.291,1.927,9.618,,,,,,,0,,,,,,,,,
,0.32,1.97,9.575,,,,,,,0,,,,,,,,,
,0.291,1.934,9.639,,,,,,,0,,,,,,,,,
,0.298,1.927,9.589,,,,,,,0,,,,,,,,,
,0.313,1.934,9.589,,,,,,,0,,,,,,,,,
,0.305,1.934,9.632,,,,,,,0,,,,,,,,,
,0.305,1.956,9.639,,,,,,,0,,,,,,,,,
,0.291,1.927,9.61,,,,,,,0,,,,,,,,,
,0.298,1.956,9.596,,,,,,,0,,,,,,,,,
,0.305,1.941,9.697,,,,,,,0,,,,,,,,,
,0.305,1.934,9.61,,,,,,,0,,,,,,,,,
,0.305,1.941,9.654,,,,,,,0,,,,,,,,,
,0.313,1.927,9.618,,,,,,,0,,,,,,,,,
,0.32,1.97,9.632,,,,,,,0,,,,,,,,,
,0.298,1.934,9.618,,,,,,,0,,,,,,,,,
,0.313,1.927,9.596,,,,,,,0,,,,,,,,,
,0.298,1.934,9.632,,,,,,,0,,,,,,,,,
,0.291,1.927,9.654,,,,,,,0,,,,,,,,,
,0.305,1.934,9.639,,,,,,,0,,,,,,,,,
,0.305,1.913,9.61,,,,,,,0,,,,,,,,,
,0.298,1.956,9.596,,,,,,,0,,,,,,,,,
,0.305,1.934,9.632,,,,,,,0,,,,,,,,,
,0.305,1.934,9.632,,,,,,,0,,,,,,,,,
,0.305,1.927,9.61,,,,,,,0,,,,,,,,,
,0.313,1.913,9.589,,,,,,,0,,,,,,,,,
,0.291,1.941,9.632,,,,,,,0,,,,,,,,,
,0.305,1.941,9.596,,,,,,,0,,,,,,,,,
,0.298,1.906,9.596,,,,,,,0,,,,,,,,,
,0.298,1.963,9.618,,,,,,,0,,,,,,,,,
,0.291,1.977,9.531,,,,,,,0,,,,,,,,,
,0.305,1.941,9.596,,,,,,,0,,,,,,,,,
,0.291,1.934,9.661,,,,,,,0,,,,,,,,,
,0.305,1.906,9.654,,,,,,,0,,,,,,,,,
,0.298,1.913,9.596,,,,,,,0,,,,,,,,,
,0.298,1.934,9.589,,,,,,,0,,,,,,,,,
,0.305,1.927,9.632,,,,,,,0,,,,,,,,,
,0.291,1.956,9.618,,,,,,,0,,,,,,,,,
,0.305,1.934,9.675,,,,,,,0,,,,,,,,,
,0.32,1.934,9.697,,,,,,,0,,,,,,,,,
,0.277,1.956,9.654,,,,,,,0,,,,,,,,,
,0.277,1.913,9.596,,,,,,,0,,,,,,,,,
,0.305,1.927,9.596,,,,,,,0,,,,,,,,,
,0.305,1.906,9.589,,,,,,,0,,,,,,,,,
,0.291,1.941,9.654,,,,,,,0,,,,,,,,,
,0.291,1.956,9.61,,,,,,,0,,,,,,,,,
,0.305,1.934,9.618,,,,,,,0,,,,,,,,,
,0.277,1.956,9.61,,,,,,,0,,,,,,,,,
,0.32,1.934,9.639,,,,,,,0,,,,,,,,,
,0.305,1.927,9.61,,,,,,,0,,,,,,,,,
,0.305,1.956,9.661,,,,,,,0,,,,,,,,,
,0.291,1.906,9.596,,,,,,,0,,,,,,,,,
,0.313,1.927,9.575,,,,,,,0,,,,,,,,,
,0.305,1.927,9.639,,,,,,,0,,,,,,,,,
,0.305,1.913,9.632,,,,,,,0,,,,,,,,,
,0.291,1.927,9.632,,,,,,,0,,,,,,,,,
,0.291,1.927,9.567,,,,,,,0,,,,,,,,,
,0.298,1.906,9.632,,,,,,,0,,,,,,,,,
,0.305,1.934,9.61,,,,,,,0,,,,,,,,,
,0.313,1.934,9.654,,,,,,,0,,,,,,,,,
,0.305,1.963,9.639,,,,,,,0,,,,,,,,,
,0.298,1.927,9.675,,,,,,,0,,,,,,,,,
,0.313,1.934,9.661,,,,,,,0,,,,,,,,,
,0.277,1.927,9.618,,,,,,,0,,,,,,,,,
,0.291,1.913,9.618,,,,,,,0,,,,,,,,,
,0.313,1.913,9.639,,,,,,,0,,,,,,,,,
,0.269,1.934,9.618,,,,,,,0,,,,,,,,,
,0.32,1.941,9.618,,,,,,,0,,,,,,,,,
,0.313,1.913,9.654,,,,,,,0,,,,,,,,,
,0.305,1.927,9.675,,,,,,,0,,,,,,,,,
,0.305,1.906,9.632,,,,,,,0,,,,,,,,,
,0.298,1.913,9.61,,,,,,,0,,,,,,,,,
,0.313,1.934,9.618,,,,,,,0,,,,,,,,,
,0.305,1.927,9.654,,,,,,,0,,,,,,,,,
,0.32,1.927,9.639,,,,,,,0,,,,,,,,,
,0.313,1.906,9.61,,,,,,,0,,,,,,,,,
,0.305,1.934,9.661,,,,,,,0,,,,,,,,,
,0.305,1.927,9.618,,,,,,,0,,,,,,,,,
,0.277,1.934,9.632,,,,,,,0,,,,,,,,,
,0.32,1.927,9.704,,,,,,,0,,,,,,,,,
,0.305,1.934,9.632,,,,,,,0,,,,,,,,,
,0.298,1.906,9.567,,,,,,,0,,,,,,,,,
,0.305,1.963,9.618,,,,,,,0,,,,,,,,,
,0.291,1.927,9.618,,,,,,,0,,,,,,,,,
,0.32,1.941,9.632,,,,,,,0,,,,,,,,,
,0.313,1.927,9.618,,,,,,,0,,,,,,,,,
,0.305,1.913,9.618,,,,,,,0,,,,,,,,,
,0.313,1.956,9.61,,,,,,,0,,,,,,,,,
,0.277,1.934,9.632,,,,,,,0,,,,,,,,,
,0.32,1.941,9.596,,,,,,,0,,,,,,,,,
,0.32,1.941,9.589,,,,,,,0,,,,,,,,,
,0.305,1.941,9.639,,,,,,,0,,,,,,,,,
,0.305,1.898,9.567,,,,,,,0,,,,,,,,,
,0.313,1.927,9.596,,,,,,,0,,,,,,,,,
,0.291,1.927,9.639,,,,,,,0,,,,,,,,,
,0.298,1.927,9.575,,,,,,,0,,,,,,,,,
,0.305,1.934,9.575,,,,,,,0,,,,,,,,,
,0.313,1.934,9.567,,,,,,,0,,,,,,,,,
,0.305,1.913,9.61,,,,,,,0,,,,,,,,,
,0.298,1.913,9.654,,,,,,,0,,,,,,,,,
,0.298,1.941,9.618,,,,,,,0,,,,,,,,,
,0.298,1.941,9.596,,,,,,,0,,,,,,,,,
,0.219,1.87,9.546,,,,,,,0,,,,,,,,,
,0.32,1.906,9.589,,,,,,,0,,,,,,,,,
,0.32,1.956,9.639,,,,,,,0,,,,,,,,,
,0.277,1.956,9.589,,,,,,,0,,,,,,,,,
,0.298,1.891,9.567,,,,,,,0,,,,,,,,,
,0.32,1.999,9.661,,,,,,,0,,,,,,,,,
,0.32,1.941,9.632,,,,,,,0,,,,,,,,,
,0.32,1.956,9.61,,,,,,,0,,,,,,,,,
,0.291,1.934,9.654,,,,,,,0,,,,,,,,,
,0.291,1.927,9.567,,,,,,,0,,,,,,,,,
,0.305,1.927,9.61,,,,,,,0,,,,,,,,,
,0.277,1.934,9.575,,,,,,,0,,,,,,,,,
,0.291,1.906,9.632,,,,,,,0,,,,,,,,,
,0.298,1.941,9.675,,,,,,,0,,,,,,,,,
,0.298,1.934,9.61,,,,,,,0,,,,,,,,,
,0.305,1.927,9.675,,,,,,,0,,,,,,,,,
,0.277,1.941,9.618,,,,,,,0,,,,,,,,,
,0.298,1.927,9.596,,,,,,,0,,,,,,,,,
,0.305,1.927,9.589,,,,,,,0,,,,,,,,,
,0.291,1.934,9.596,,,,,,,0,,,,,,,,,
,0.298,1.934,9.654,,,,,,,0,,,,,,,,,
,0.298,1.934,9.61,,,,,,,0,,,,,,,,,
,0.305,1.906,9.575,,,,,,,0,,,,,,,,,
,0.277,1.941,9.661,,,,,,,0,,,,,,,,,
,0.305,1.941,9.661,,,,,,,0,,,,,,,,,
,0.291,1.913,9.567,,,,,,,0,,,,,,,,,
,0.305,1.927,9.697,,,,,,,0,,,,,,,,,
,0.298,1.941,9.61,,,,,,,0,,,,,,,,,
,0.291,1.941,9.632,,,,,,,0,,,,,,,,,
,0.298,1.934,9.632,,,,,,,0,,,,,,,,,
,0.291,1.934,9.661,,,,,,,0,,,,,,,,,
,0.298,1.927,9.589,,,,,,,0,,,,,,,,,
,0.298,1.934,9.654,,,,,,,0,,,,,,,,,
,0.313,1.934,9.632,,,,,,,0,,,,,,,,,
,0.291,1.927,9.661,,,,,,,0,,,,,,,,,
,0.305,1.927,9.654,,,,,,,0,,,,,,,,,
,0.298,1.956,9.618,,,,,,,0,,,,,,,,,
,0.277,1.956,9.632,,,,,,,0,,,,,,,,,
,0.291,1.927,9.675,,,,,,,0,,,,,,,,,
,0.298,1.956,9.639,,,,,,,0,,,,,,,,,
,0.277,1.934,9.654,,,,,,,0,,,,,,,,,
,0.32,1.913,9.639,,,,,,,0,,,,,,,,,
,0.298,1.956,9.661,,,,,,,0,,,,,,,,,
,0.305,1.934,9.596,,,,,,,0,,,,,,,,,
,0.298,1.934,9.639,,,,,,,0,,,,,,,,,
,0.298,1.927,9.675,,,,,,,0,,,,,,,,,
,0.305,1.913,9.618,,,,,,,0,,,,,,,,,
,0.291,1.927,9.61,,,,,,,0,,,,,,,,,
,0.234,1.841,9.654,,,,,,,0,,,,,,,,,
,0.277,1.891,9.596,,,,,,,0,,,,,,,,,
,0.305,1.906,9.654,,,,,,,0,,,,,,,,,
,0.298,1.927,9.632,,,,,,,0,,,,,,,,,
,0.313,1.906,9.639,,,,,,,0,,,,,,,,,
,0.298,1.956,9.654,,,,,,,0,,,,,,,,,
,0.298,1.927,9.618,,,,,,,0,,,,,,,,,
,0.305,1.934,9.61,,,,,,,0,,,,,,,,,
,0.291,1.927,9.596,,,,,,,0,,,,,,,,,
,0.298,1.927,9.61,,,,,,,0,,,,,,,,,
,0.313,1.898,9.61,,,,,,,0,,,,,,,,,
,0.298,1.934,9.639,,,,,,,0,,,,,,,,,
,0.32,1.906,9.654,,,,,,,0,,,,,,,,,
,0.499,5.231,8.346,,,,,,,0,,,,,,,,,
,0.471,5.131,8.131,,,,,,,0,,,,,,,,,
,0.744,5.203,8.073,,,,,,,0,,,,,,,,,
,0.492,4.879,8.418,,,,,,,0,,,,,,,,,
,0.449,4.721,8.533,,,,,,,0,,,,,,,,,
,0.392,4.714,8.533,,,,,,,0,,,,,,,,,
,0.277,4.649,8.713,,,,,,,0,,,,,,,,,
,0.909,4.412,8.856,,,,,,,0,,,,,,,,,
,1.548,5.138,7.614,,,,,,,0,,,,,,,,,
,1.807,5.497,7.52,,,,,,,0,,,,,,,,,
,1.692,5.511,8.16,,,,,,,0,,,,,,,,,
,1.498,5.734,8.497,,,,,,,0,,,,,,,,,
,1.814,5.554,7.441,,,,,,,0,,,,,,,,,
,1.692,5.389,8.397,,,,,,,0,,,,,,,,,
,1.677,4.499,8.49,,,,,,,0,,,,,,,,,
,-1.022,1.934,9.021,,,,,,,0,,,,,,,,,
,0.004,3.536,8.978,,,,,,,0,,,,,,,,,
,0.672,4.168,8.648,,,,,,,0,,,,,,,,,
,1.426,4.24,8.576,,,,,,,0,,,,,,,,,
,0.147,4.283,7.772,,,,,,,0,,,,,,,,,
,0.313,2.329,10.925,,,,,,,0,,,,,,,,,
,1.498,1.618,8.892,,,,,,,0,,,,,,,,,
,0.241,-0.981,9.251,,,,,,,0,,,,,,,,,
,-1.403,-0.543,7.951,,,,,,,0,,,,,,,,,
,-1.698,0.368,9.503,,,,,,,0,,,,,,,,,
,-0.929,-0.018,9.481,,,,,,,0,,,,,,,,,
,-0.642,0.146,9.316,,,,,,,0,,,,,,,,,
,-0.232,0.232,9.783,,,,,,,0,,,,,,,,,
,-0.304,0.167,9.675,,,,,,,0,,,,,,,,,
,0.133,0.146,9.761,,,,,,,0,,,,,,,,,
,0.147,0.146,9.804,,,,,,,0,,,,,,,,,
,0.155,0.167,9.747,,,,,,,0,,,,,,,,,
,0.155,0.167,9.84,,,,,,,0,,,,,,,,,
,0.176,0.146,9.826,,,,,,,0,,,,,,,,,
,0.155,0.167,9.79,,,,,,,0,,,,,,,,,
,0.176,0.167,9.761,,,,,,,0,,,,,,,,,
,0.155,0.175,9.768,,,,,,,0,,,,,,,,,
,0.19,0.146,9.79,,,,,,,0,,,,,,,,,
,0.19,0.16,9.79,,,,,,,0,,,,,,,,,
,0.176,0.167,9.79,,,,,,,0,,,,,,,,,
,0.147,0.146,9.84,,,,,,,0,,,,,,,,,
,0.147,0.167,9.804,,,,,,,0,,,,,,,,,
,0.147,0.139,9.79,,,,,,,0,,,,,,,,,
,0.147,0.175,9.768,,,,,,,0,,,,,,,,,
,0.147,0.146,9.761,,,,,,,0,,,,,,,,,
,0.155,0.139,9.761,,,,,,,0,,,,,,,,,
,0.176,0.146,9.747,,,,,,,0,,,,,,,,,
,0.162,0.16,9.783,,,,,,,0,,,,,,,,,
,0.19,0.167,9.783,,,,,,,0,,,,,,,,,
,0.176,0.167,9.783,,,,,,,0,,,,,,,,,
,0.155,0.167,9.812,,,,,,,0,,,,,,,,,
,0.162,0.131,9.768,,,,,,,0,,,,,,,,,
,0.162,0.167,9.768,,,,,,,0,,,,,,,,,
,0.155,0.117,9.725,,,,,,,0,,,,,,,,,
,0.162,0.131,9.718,,,,,,,0,,,,,,,,,
,0.147,0.146,9.783,,,,,,,0,,,,,,,,,
,0.147,0.167,9.804,,,,,,,0,,,,,,,,,
,0.162,0.16,9.74,,,,,,,0,,,,,,,,,
,0.162,0.131,9.768,,,,,,,0,,,,,,,,,
,0.19,0.096,10.264,,,,,,,0,,,,,,,,,
,0.19,0.146,9.79,,,,,,,0,,,,,,,,,
,0.19,0.131,9.79,,,,,,,0,,,,,,,,,
,0.162,0.175,9.747,,,,,,,0,,,,,,,,,
,0.14,0.167,9.725,,,,,,,0,,,,,,,,,
,0.176,0.16,9.74,,,,,,,0,,,,,,,,,
,0.176,0.146,9.768,,,,,,,0,,,,,,,,,
,0.176,0.167,9.783,,,,,,,0,,,,,,,,,
,0.162,0.139,9.783,,,,,,,0,,,,,,,,,
,0.14,0.139,9.768,,,,,,,0,,,,,,,,,
,0.147,0.16,9.783,,,,,,,0,,,,,,,,,
,0.162,0.139,9.804,,,,,,,0,,,,,,,,,
,0.183,0.16,9.768,,,,,,,0,,,,,,,,,
,0.155,0.175,9.79,,,,,,,0,,,,,,,,,
,0.19,0.16,9.783,,,,,,,0,,,,,,,,,
,0.155,0.146,9.768,,,,,,,0,,,,,,,,,
,0.162,0.146,9.74,,,,,,,0,,,,,,,,,
,0.162,0.146,9.768,,,,,,,0,,,,,,,,,
,0.183,0.139,9.718,,,,,,,0,,,,,,,,,
,0.155,0.117,9.761,,,,,,,0,,,,,,,,,
,0.19,0.16,9.79,,,,,,,0,,,,,,,,,
,0.176,0.175,9.768,,,,,,,0,,,,,,,,,
,0.155,0.146,9.783,,,,,,,0,,,,,,,,,
,0.162,0.167,9.747,,,,,,,0,,,,,,,,,
,0.155,0.16,9.79,,,,,,,0,,,,,,,,,
,0.147,0.167,9.79,,,,,,,0,,,,,,,,,
,0.126,0.146,9.761,,,,,,,0,,,,,,,,,
,0.183,0.131,9.761,,,,,,,0,,,,,,,,,
,0.176,0.16,9.768,,,,,,,0,,,,,,,,,
,0.147,0.16,9.804,,,,,,,0,,,,,,,,,
,0.183,0.167,9.768,,,,,,,0,,,,,,,,,
,0.147,0.146,9.704,,,,,,,0,,,,,,,,,
,0.162,0.146,9.783,,,,,,,0,,,,,,,,,
,0.176,0.175,9.768,,,,,,,0,,,,,,,,,
,0.162,0.16,9.79,,,,,,,0,,,,,,,,,
,0.176,0.16,9.783,,,,,,,0,,,,,,,,,
,0.147,0.167,9.804,,,,,,,0,,,,,,,,,
,0.155,0.167,9.783,,,,,,,0,,,,,,,,,
,0.155,0.175,9.862,,,,,,,0,,,,,,,,,
,0.14,0.16,9.869,,,,,,,0,,,,,,,,,
,0.126,0.139,9.804,,,,,,,0,,,,,,,,,
,0.176,0.131,9.74,,,,,,,0,,,,,,,,,
,0.198,0.16,9.79,,,,,,,0,,,,,,,,,
,0.205,0.167,9.84,,,,,,,0,,,,,,,,,
,0.183,0.16,9.768,,,,,,,0,,,,,,,,,
,0.176,0.16,9.826,,,,,,,0,,,,,,,,,
,0.176,0.16,9.826,,,,,,,0,,,,,,,,,
,0.162,0.182,9.804,,,,,,,0,,,,,,,,,
,0.133,0.131,9.79,,,,,,,0,,,,,,,,,
,0.126,0.117,9.704,,,,,,,0,,,,,,,,,
,0.14,0.16,9.761,,,,,,,0,,,,,,,,,
,0.155,0.16,9.747,,,,,,,0,,,,,,,,,
,0.162,0.117,9.725,,,,,,,0,,,,,,,,,
,0.219,0.167,9.761,,,,,,,0,,,,,,,,,
,0.198,0.16,9.79,,,,,,,0,,,,,,,,,
,0.19,0.139,9.761,,,,,,,0,,,,,,,,,
,0.155,0.146,9.783,,,,,,,0,,,,,,,,,
,0.162,0.16,9.74,,,,,,,0,,,,,,,,,
,0.155,0.16,9.804,,,,,,,0,,,,,,,,,
,0.155,0.117,9.761,,,,,,,0,,,,,,,,,
,0.14,0.139,9.804,,,,,,,0,,,,,,,,,
,0.162,0.139,9.812,,,,,,,0,,,,,,,,,
,0.176,0.139,9.826,,,,,,,0,,,,,,,,,
,0.19,0.16,9.747,,,,,,,0,,,,,,,,,
,0.183,0.139,9.79,,,,,,,0,,,,,,,,,
,0.183,0.16,9.761,,,,,,,0,,,,,,,,,
,0.155,0.117,9.783,,,,,,,0,,,,,,,,,
,0.183,0.139,9.812,,,,,,,0,,,,,,,,,
,0.176,0.16,9.761,,,,,,,0,,,,,,,,,
,0.162,0.16,9.783,,,,,,,0,,,,,,,,,
,0.155,0.16,9.768,,,,,,,0,,,,,,,,,
,0.155,0.146,9.761,,,,,,,0,,,,,,,,,
,0.147,0.167,9.804,,,,,,,0,,,,,,,,,
,0.147,0.139,9.747,,,,,,,0,,,,,,,,,
,0.198,0.139,9.761,,,,,,,0,,,,,,,,,
,0.183,0.131,9.79,,,,,,,0,,,,,,,,,
,0.162,0.139,9.783,,,,,,,0,,,,,,,,,
,0.176,0.139,9.768,,,,,,,0,,,,,,,,,
,0.176,0.146,9.812,,,,,,,0,,,,,,,,,
,0.162,0.139,9.804,,,,,,,0,,,,,,,,,
,0.183,0.16,9.747,,,,,,,0,,,,,,,,,
,0.176,0.146,9.768,,,,,,,0,,,,,,,,,
,0.147,0.167,9.747,,,,,,,0,,,,,,,,,
,0.183,0.139,9.747,,,,,,,0,,,,,,,,,
,0.155,0.16,9.804,,,,,,,0,,,,,,,,,
,0.162,0.16,9.725,,,,,,,0,,,,,,,,,
,0.176,0.146,9.704,,,,,,,0,,,,,,,,,
,0.162,0.16,9.783,,,,,,,0,,,,,,,,,
,0.162,0.175,9.783,,,,,,,0,,,,,,,,,
,0.162,0.16,9.768,,,,,,,0,,,,,,,,,
,0.14,0.16,9.74,,,,,,,0,,,,,,,,,
,0.19,0.16,9.704,,,,,,,0,,,,,,,,,
,0.147,0.16,9.79,,,,,,,0,,,,,,,,,
,0.183,0.146,9.768,,,,,,,0,,,,,,,,,
,0.162,0.139,9.747,,,,,,,0,,,,,,,,,
,0.147,0.16,9.804,,,,,,,0,,,,,,,,,
,0.162,0.16,9.74,,,,,,,0,,,,,,,,,
,0.183,0.131,9.761,,,,,,,0,,,,,,,,,
,0.162,0.146,9.768,,,,,,,0,,,,,,,,,
,0.176,0.131,9.761,,,,,,,0,,,,,,,,,
,0.176,0.146,9.718,,,,,,,0,,,,,,,,,
,0.176,0.117,9.747,,,,,,,0,,,,,,,,,
,0.183,0.167,9.79,,,,,,,0,,,,,,,,,
,0.176,0.139,9.84,,,,,,,0,,,,,,,,,
,0.162,0.139,9.725,,,,,,,0,,,,,,,,,
,0.155,0.146,9.79,,,,,,,0,,,,,,,,,
,0.147,0.131,9.804,,,,,,,0,,,,,,,,,
,0.155,0.16,9.804,,,,,,,0,,,,,,,,,
,0.147,0.139,9.704,,,,,,,0,,,,,,,,,
,0.162,0.16,9.812,,,,,,,0,,,,,,,,,
,0.155,0.146,9.804,,,,,,,0,,,,,,,,,
,0.162,0.16,9.747,,,,,,,0,,,,,,,,,
